state_name,crop_year,season,crop_varieties,total_area_ha,total_production_t,avg_yield_kg_ha,max_production_t,_pipeline_layer,_pipeline_ts
Andhra Pradesh,2010,Kharif,5,86319.75,315550.48,2864.39,189531.71,gold,2026-04-22T13:57:31.147346
Andhra Pradesh,2010,Rabi,4,162860.2,435676.1,2620.77,177618.2,gold,2026-04-22T13:57:31.147346
Andhra Pradesh,2010,Zaid,6,197853.55,489198.07,2758.25,121758.04,gold,2026-04-22T13:57:31.147346
Andhra Pradesh,2011,Kharif,5,238165.2,597301.54,2455.29,161243.13,gold,2026-04-22T13:57:31.147346
Andhra Pradesh,2011,Rabi,7,238802.93,619683.34,2619.55,208655.54,gold,2026-04-22T13:57:31.147346
Andhra Pradesh,2011,Zaid,6,290025.02,796098.9,2723.97,198852.66,gold,2026-04-22T13:57:31.147346
Andhra Pradesh,2012,Kharif,7,160851.14,567668.28,3511.19,156270.75,gold,2026-04-22T13:57:31.147346
Andhra Pradesh,2012,Rabi,6,192982.43,460687.18,2557.97,101800.77,gold,2026-04-22T13:57:31.147346
Andhra Pradesh,2012,Zaid,5,147468.5,451950.89,2449.99,114281.37,gold,2026-04-22T13:57:31.147346
Andhra Pradesh,2012,,2,52039.65,182757.24,2333.83,155720.68,gold,2026-04-22T13:57:31.147346
Andhra Pradesh,2013,Kharif,5,131766.5,413858.57,2735.66,219322.28,gold,2026-04-22T13:57:31.147346
Andhra Pradesh,2013,Rabi,6,159836.38,548199.3,3001.7,177451.71,gold,2026-04-22T13:57:31.147346
Andhra Pradesh,2013,Zaid,6,346589.89,1116420.19,3427.87,224384.0,gold,2026-04-22T13:57:31.147346
Andhra Pradesh,2014,Kharif,7,171415.33,345809.04,1989.13,121995.79,gold,2026-04-22T13:57:31.147346
Andhra Pradesh,2014,Rabi,5,230302.87,697348.7,3114.11,137473.06,gold,2026-04-22T13:57:31.147346
Andhra Pradesh,2014,Zaid,1,26916.19,67430.44,2505.2,67430.44,gold,2026-04-22T13:57:31.147346
Andhra Pradesh,2015,Kharif,5,227110.18,711967.87,3081.52,117926.54,gold,2026-04-22T13:57:31.147346
Andhra Pradesh,2015,Rabi,6,147294.69,383195.93,2936.73,155001.73,gold,2026-04-22T13:57:31.147346
Andhra Pradesh,2015,Zaid,5,173297.57,458983.67,2722.32,185252.45,gold,2026-04-22T13:57:31.147346
Andhra Pradesh,2016,Kharif,3,114074.49,374528.08,3272.86,122071.23,gold,2026-04-22T13:57:31.147346
Andhra Pradesh,2016,Rabi,5,176355.99,424715.46,2613.37,164974.12,gold,2026-04-22T13:57:31.147346
Andhra Pradesh,2016,Zaid,2,44552.04,72117.63,2819.1,70610.3,gold,2026-04-22T13:57:31.147346
Andhra Pradesh,2016,,1,44382.4,31952.67,719.94,31952.67,gold,2026-04-22T13:57:31.147346
Andhra Pradesh,2017,Kharif,6,259860.25,629397.04,2208.79,173059.27,gold,2026-04-22T13:57:31.147346
Andhra Pradesh,2017,Rabi,6,206241.52,739023.05,3276.7,206829.82,gold,2026-04-22T13:57:31.147346
Andhra Pradesh,2017,Zaid,5,122186.45,256096.48,2334.42,65431.17,gold,2026-04-22T13:57:31.147346
Andhra Pradesh,2017,,1,72866.96,211153.18,2895.17,138156.76,gold,2026-04-22T13:57:31.147346
Andhra Pradesh,2018,Kharif,3,112540.41,172602.26,1373.84,76160.93,gold,2026-04-22T13:57:31.147346
Andhra Pradesh,2018,Rabi,3,140622.93,186325.83,1443.7,86011.69,gold,2026-04-22T13:57:31.147346
Andhra Pradesh,2018,Zaid,4,124450.79,484995.36,2884.67,187726.49,gold,2026-04-22T13:57:31.147346
Andhra Pradesh,2019,Kharif,2,75559.01,145667.84,2840.28,54630.48,gold,2026-04-22T13:57:31.147346
Andhra Pradesh,2019,Rabi,4,160588.45,576412.79,3307.44,165879.57,gold,2026-04-22T13:57:31.147346
Andhra Pradesh,2019,Zaid,8,244798.11,739262.0,2590.88,133643.38,gold,2026-04-22T13:57:31.147346
Andhra Pradesh,2019,,2,60133.41,185413.63,2436.2,171717.83,gold,2026-04-22T13:57:31.147346
Andhra Pradesh,2020,Kharif,6,218248.15,508226.38,2468.98,161053.13,gold,2026-04-22T13:57:31.147346
Andhra Pradesh,2020,Rabi,3,85634.79,347158.16,3181.19,186894.87,gold,2026-04-22T13:57:31.147346
Andhra Pradesh,2020,Zaid,3,70052.06,133045.57,1795.66,92223.27,gold,2026-04-22T13:57:31.147346
Andhra Pradesh,2021,Kharif,5,174699.96,556393.89,2953.55,192521.07,gold,2026-04-22T13:57:31.147346
Andhra Pradesh,2021,Rabi,5,184110.05,420441.57,3020.73,111337.57,gold,2026-04-22T13:57:31.147346
Andhra Pradesh,2021,Zaid,5,129530.27,379664.96,2400.26,178032.75,gold,2026-04-22T13:57:31.147346
Andhra Pradesh,2021,,2,63014.25,246531.39,2737.8,237691.23,gold,2026-04-22T13:57:31.147346
Andhra Pradesh,2022,Kharif,5,180582.3,496252.27,2385.06,132764.94,gold,2026-04-22T13:57:31.147346
Andhra Pradesh,2022,Rabi,5,227171.64,645205.34,3163.03,180869.83,gold,2026-04-22T13:57:31.147346
Andhra Pradesh,2022,Zaid,7,122505.65,312210.28,2478.28,107015.1,gold,2026-04-22T13:57:31.147346
Andhra Pradesh,2022,,1,,1445.93,519.02,1445.93,gold,2026-04-22T13:57:31.147346
Andhra Pradesh,2023,Kharif,3,111083.57,379840.31,2911.61,147825.63,gold,2026-04-22T13:57:31.147346
Andhra Pradesh,2023,Rabi,3,46709.62,112087.19,2793.31,60689.96,gold,2026-04-22T13:57:31.147346
Andhra Pradesh,2023,Zaid,5,71278.9,159033.53,1884.42,65926.81,gold,2026-04-22T13:57:31.147346
Andhra Pradesh,2023,,1,33578.98,85511.22,2546.57,85511.22,gold,2026-04-22T13:57:31.147346
Assam,2010,Kharif,5,230520.23,703954.03,3145.75,187911.8,gold,2026-04-22T13:57:31.147346
Assam,2010,Rabi,4,175575.68,553179.68,3018.61,198628.52,gold,2026-04-22T13:57:31.147346
Assam,2010,Zaid,5,167918.52,371637.01,2334.55,111860.68,gold,2026-04-22T13:57:31.147346
Assam,2011,Kharif,8,182454.23,834792.75,3699.4,211998.7,gold,2026-04-22T13:57:31.147346
Assam,2011,Rabi,2,49339.28,212611.97,4346.58,146556.45,gold,2026-04-22T13:57:31.147346
Assam,2011,Zaid,5,133036.97,232617.64,2605.22,94875.96,gold,2026-04-22T13:57:31.147346
Assam,2012,Kharif,5,121698.81,362606.27,1751.12,122176.77,gold,2026-04-22T13:57:31.147346
Assam,2012,Rabi,5,172100.58,580442.36,3075.51,207156.58,gold,2026-04-22T13:57:31.147346
Assam,2012,Zaid,5,98926.72,280603.17,3506.22,141202.59,gold,2026-04-22T13:57:31.147346
Assam,2012,,3,101551.66,282098.43,2555.4,187618.43,gold,2026-04-22T13:57:31.147346
Assam,2013,Kharif,4,165480.15,478335.09,2763.18,184447.0,gold,2026-04-22T13:57:31.147346
Assam,2013,Rabi,7,238338.99,1022381.36,3972.96,226804.66,gold,2026-04-22T13:57:31.147346
Assam,2013,Zaid,3,55239.6,200189.92,3178.19,152942.61,gold,2026-04-22T13:57:31.147346
Assam,2013,,2,30183.88,34218.3,1116.12,23035.35,gold,2026-04-22T13:57:31.147346
Assam,2014,Kharif,5,222462.42,668396.15,2593.54,209489.05,gold,2026-04-22T13:57:31.147346
Assam,2014,Rabi,6,121717.08,429369.0,3517.66,179107.55,gold,2026-04-22T13:57:31.147346
Assam,2014,Zaid,5,219023.05,620692.27,2599.29,194293.88,gold,2026-04-22T13:57:31.147346
Assam,2014,,2,50352.87,97738.97,2128.48,69642.24,gold,2026-04-22T13:57:31.147346
Assam,2015,Kharif,4,137194.3,324033.88,2172.85,97852.95,gold,2026-04-22T13:57:31.147346
Assam,2015,Rabi,5,163971.11,462393.12,2902.44,120375.93,gold,2026-04-22T13:57:31.147346
Assam,2015,Zaid,1,32148.4,168708.18,2588.14,115953.17,gold,2026-04-22T13:57:31.147346
Assam,2015,,2,69645.66,190670.38,2477.89,170318.8,gold,2026-04-22T13:57:31.147346
Assam,2016,Kharif,5,136263.41,374021.69,2750.04,137667.51,gold,2026-04-22T13:57:31.147346
Assam,2016,Rabi,6,183041.45,460229.52,2441.01,131627.94,gold,2026-04-22T13:57:31.147346
Assam,2016,Zaid,4,199430.93,561293.08,2947.84,149799.04,gold,2026-04-22T13:57:31.147346
Assam,2016,,1,11036.79,28563.54,2588.03,28563.54,gold,2026-04-22T13:57:31.147346
Assam,2017,Kharif,7,248998.48,756256.58,3373.31,208085.28,gold,2026-04-22T13:57:31.147346
Assam,2017,Rabi,7,164868.74,486598.57,2849.14,108937.86,gold,2026-04-22T13:57:31.147346
Assam,2017,Zaid,3,90770.4,297611.6,2818.53,154846.93,gold,2026-04-22T13:57:31.147346
Assam,2017,,2,73472.72,203786.91,2746.0,174858.82,gold,2026-04-22T13:57:31.147346
Assam,2018,Kharif,7,336907.52,994023.8,2913.32,212283.72,gold,2026-04-22T13:57:31.147346
Assam,2018,Rabi,8,234060.7,574851.92,2398.59,114131.68,gold,2026-04-22T13:57:31.147346
Assam,2018,Zaid,3,85880.07,262953.53,2584.44,150183.11,gold,2026-04-22T13:57:31.147346
Assam,2019,Kharif,7,164449.72,461667.09,2348.46,155463.1,gold,2026-04-22T13:57:31.147346
Assam,2019,Rabi,5,96463.23,259877.77,3136.05,75192.04,gold,2026-04-22T13:57:31.147346
Assam,2019,Zaid,6,293535.82,650872.54,2469.32,148250.88,gold,2026-04-22T13:57:31.147346
Assam,2019,,1,23934.83,99974.83,4176.96,99974.83,gold,2026-04-22T13:57:31.147346
Assam,2020,Kharif,3,172891.18,462529.07,2574.06,133539.58,gold,2026-04-22T13:57:31.147346
Assam,2020,Rabi,5,123672.37,294075.71,2036.33,113665.36,gold,2026-04-22T13:57:31.147346
Assam,2020,Zaid,5,100084.98,269290.14,2857.71,180734.32,gold,2026-04-22T13:57:31.147346
Assam,2021,Kharif,7,171328.0,495998.27,2857.98,166997.07,gold,2026-04-22T13:57:31.147346
Assam,2021,Rabi,7,215076.66,520364.76,2358.01,175367.72,gold,2026-04-22T13:57:31.147346
Assam,2021,Zaid,4,85092.59,313642.66,4058.34,106758.2,gold,2026-04-22T13:57:31.147346
Assam,2022,Kharif,5,145874.31,283641.37,1688.04,113068.34,gold,2026-04-22T13:57:31.147346
Assam,2022,Rabi,5,175436.99,377100.77,1984.36,150111.41,gold,2026-04-22T13:57:31.147346
Assam,2022,Zaid,6,207123.8,398210.56,2023.14,115860.72,gold,2026-04-22T13:57:31.147346
Assam,2022,,1,34770.43,152059.44,4373.24,152059.44,gold,2026-04-22T13:57:31.147346
Assam,2023,Kharif,5,207018.11,632303.61,2596.8,162850.57,gold,2026-04-22T13:57:31.147346
Assam,2023,Rabi,1,21466.02,45252.97,2479.14,37756.76,gold,2026-04-22T13:57:31.147346
Assam,2023,Zaid,3,82331.93,314742.65,3047.89,181316.61,gold,2026-04-22T13:57:31.147346
Assam,2023,,1,44697.43,44519.09,996.01,44519.09,gold,2026-04-22T13:57:31.147346
Bihar,2010,Kharif,4,159559.77,591480.32,3465.87,189305.23,gold,2026-04-22T13:57:31.147346
Bihar,2010,Rabi,5,247280.48,573587.51,2694.33,149238.47,gold,2026-04-22T13:57:31.147346
Bihar,2010,Zaid,2,13598.93,133840.36,1717.13,124301.25,gold,2026-04-22T13:57:31.147346
Bihar,2010,,1,15082.38,21244.74,1408.58,21244.74,gold,2026-04-22T13:57:31.147346
Bihar,2011,Kharif,2,69619.19,256466.35,3685.74,177062.16,gold,2026-04-22T13:57:31.147346
Bihar,2011,Rabi,8,305957.99,1133779.84,3477.5,226725.73,gold,2026-04-22T13:57:31.147346
Bihar,2011,Zaid,6,147912.16,362027.59,2719.71,132607.98,gold,2026-04-22T13:57:31.147346
Bihar,2012,Kharif,6,311046.29,1016361.38,3378.97,189696.6,gold,2026-04-22T13:57:31.147346
Bihar,2012,Rabi,6,193284.24,471745.2,2413.61,143385.89,gold,2026-04-22T13:57:31.147346
Bihar,2012,Zaid,6,99380.69,361572.86,3459.52,139545.58,gold,2026-04-22T13:57:31.147346
Bihar,2012,,2,21808.74,54735.14,3258.78,28603.01,gold,2026-04-22T13:57:31.147346
Bihar,2013,Kharif,2,110248.56,439494.46,3938.64,179207.17,gold,2026-04-22T13:57:31.147346
Bihar,2013,Rabi,5,102398.4,379092.62,3562.17,211700.26,gold,2026-04-22T13:57:31.147346
Bihar,2013,Zaid,5,210963.06,714510.94,3021.65,195019.12,gold,2026-04-22T13:57:31.147346
Bihar,2014,Kharif,3,104427.32,219234.52,2373.14,127996.44,gold,2026-04-22T13:57:31.147346
Bihar,2014,Rabi,6,225659.1,733333.95,3073.01,179312.28,gold,2026-04-22T13:57:31.147346
Bihar,2014,Zaid,3,113769.32,362450.86,3588.23,161143.9,gold,2026-04-22T13:57:31.147346
Bihar,2015,Kharif,3,101858.38,211396.51,2380.04,97394.03,gold,2026-04-22T13:57:31.147346
Bihar,2015,Rabi,9,223175.61,416381.4,1737.61,107444.31,gold,2026-04-22T13:57:31.147346
Bihar,2015,Zaid,3,98349.94,392448.89,3603.14,180725.99,gold,2026-04-22T13:57:31.147346
Bihar,2015,,1,49003.36,125621.09,2563.52,125621.09,gold,2026-04-22T13:57:31.147346
Bihar,2016,Kharif,6,226308.76,768108.31,3503.15,178478.94,gold,2026-04-22T13:57:31.147346
Bihar,2016,Rabi,5,120061.1,458525.47,3485.05,178768.05,gold,2026-04-22T13:57:31.147346
Bihar,2016,Zaid,2,26586.06,70383.16,4986.81,37632.76,gold,2026-04-22T13:57:31.147346
Bihar,2016,,1,38263.7,170089.8,4445.2,170089.8,gold,2026-04-22T13:57:31.147346
Bihar,2017,Kharif,3,51264.61,263979.07,3679.59,127511.39,gold,2026-04-22T13:57:31.147346
Bihar,2017,Rabi,7,271345.85,793381.86,2453.27,186626.34,gold,2026-04-22T13:57:31.147346
Bihar,2017,Zaid,6,203037.42,504735.85,2803.27,173468.44,gold,2026-04-22T13:57:31.147346
Bihar,2018,Kharif,5,129752.53,373399.44,3313.92,140657.24,gold,2026-04-22T13:57:31.147346
Bihar,2018,Rabi,2,35354.87,96145.24,1633.86,66675.7,gold,2026-04-22T13:57:31.147346
Bihar,2018,Zaid,6,104253.7,367585.01,3182.73,118394.11,gold,2026-04-22T13:57:31.147346
Bihar,2018,,1,23314.1,34737.31,1489.97,34737.31,gold,2026-04-22T13:57:31.147346
Bihar,2019,Kharif,5,94865.6,260442.42,2015.88,125241.54,gold,2026-04-22T13:57:31.147346
Bihar,2019,Rabi,5,108477.31,299975.09,2260.85,131502.57,gold,2026-04-22T13:57:31.147346
Bihar,2019,Zaid,5,153535.76,514712.79,3210.9,225163.83,gold,2026-04-22T13:57:31.147346
Bihar,2019,,1,10383.95,46201.93,4449.36,46201.93,gold,2026-04-22T13:57:31.147346
Bihar,2020,Kharif,4,156052.51,216960.32,1375.96,74104.59,gold,2026-04-22T13:57:31.147346
Bihar,2020,Rabi,5,256293.88,650413.8,2534.38,175407.02,gold,2026-04-22T13:57:31.147346
Bihar,2020,Zaid,5,115394.38,467334.63,2259.87,202154.56,gold,2026-04-22T13:57:31.147346
Bihar,2020,,3,67127.23,189219.99,2770.58,78861.92,gold,2026-04-22T13:57:31.147346
Bihar,2021,Kharif,6,170791.88,567854.53,3093.07,145409.41,gold,2026-04-22T13:57:31.147346
Bihar,2021,Rabi,6,140750.33,412811.59,3118.75,105612.94,gold,2026-04-22T13:57:31.147346
Bihar,2021,Zaid,4,142163.96,515065.14,3528.99,166527.77,gold,2026-04-22T13:57:31.147346
Bihar,2022,Kharif,4,54547.07,165040.84,2321.5,138741.98,gold,2026-04-22T13:57:31.147346
Bihar,2022,Rabi,6,242619.79,852945.42,3384.72,222328.47,gold,2026-04-22T13:57:31.147346
Bihar,2022,Zaid,7,244221.82,561289.95,2135.28,123322.04,gold,2026-04-22T13:57:31.147346
Bihar,2023,Kharif,4,173171.89,383101.61,2043.59,163732.59,gold,2026-04-22T13:57:31.147346
Bihar,2023,Rabi,2,35014.05,166495.67,1108.42,123336.84,gold,2026-04-22T13:57:31.147346
Bihar,2023,Zaid,7,154317.52,376474.91,2484.48,88413.59,gold,2026-04-22T13:57:31.147346
Gujarat,2010,Kharif,4,159033.94,460602.15,2674.71,143312.94,gold,2026-04-22T13:57:31.147346
Gujarat,2010,Rabi,3,99056.47,270961.46,2272.61,156222.02,gold,2026-04-22T13:57:31.147346
Gujarat,2010,Zaid,5,186693.97,598652.28,2950.05,155050.29,gold,2026-04-22T13:57:31.147346
Gujarat,2011,Kharif,2,45078.71,101951.55,2854.55,55010.52,gold,2026-04-22T13:57:31.147346
Gujarat,2011,Rabi,3,158296.82,224514.07,1865.82,93685.24,gold,2026-04-22T13:57:31.147346
Gujarat,2011,Zaid,4,138194.67,411369.33,2795.98,180687.13,gold,2026-04-22T13:57:31.147346
Gujarat,2011,,1,27838.28,51176.5,1838.35,51176.5,gold,2026-04-22T13:57:31.147346
Gujarat,2012,Kharif,3,168280.08,442744.98,2711.13,153816.07,gold,2026-04-22T13:57:31.147346
Gujarat,2012,Rabi,1,13341.79,80071.38,2980.21,64527.03,gold,2026-04-22T13:57:31.147346
Gujarat,2012,Zaid,3,85540.04,365447.2,3250.69,230998.41,gold,2026-04-22T13:57:31.147346
Gujarat,2012,,1,2463.96,2764.37,1121.92,2764.37,gold,2026-04-22T13:57:31.147346
Gujarat,2013,Kharif,3,139174.61,339411.7,2558.98,131038.32,gold,2026-04-22T13:57:31.147346
Gujarat,2013,Rabi,5,114775.5,285408.52,2420.03,107053.22,gold,2026-04-22T13:57:31.147346
Gujarat,2013,Zaid,5,77752.4,335894.32,2899.87,132465.74,gold,2026-04-22T13:57:31.147346
Gujarat,2014,Kharif,6,187021.32,510147.11,2630.12,196787.97,gold,2026-04-22T13:57:31.147346
Gujarat,2014,Rabi,7,239330.06,597268.03,2104.25,143029.28,gold,2026-04-22T13:57:31.147346
Gujarat,2014,Zaid,7,178981.25,494317.23,2631.86,195722.99,gold,2026-04-22T13:57:31.147346
Gujarat,2014,,2,59176.49,252405.05,3090.93,235211.6,gold,2026-04-22T13:57:31.147346
Gujarat,2015,Kharif,7,171518.17,618130.69,3562.47,221480.99,gold,2026-04-22T13:57:31.147346
Gujarat,2015,Rabi,3,90377.06,278249.13,2422.96,187772.34,gold,2026-04-22T13:57:31.147346
Gujarat,2015,Zaid,4,173180.79,632534.95,3634.62,213285.9,gold,2026-04-22T13:57:31.147346
Gujarat,2015,,2,68701.85,168251.04,2657.83,125168.36,gold,2026-04-22T13:57:31.147346
Gujarat,2016,Kharif,4,115632.17,366572.04,2804.24,119308.7,gold,2026-04-22T13:57:31.147346
Gujarat,2016,Rabi,5,180478.07,690324.79,3278.52,180381.52,gold,2026-04-22T13:57:31.147346
Gujarat,2016,Zaid,2,50045.97,198990.84,3543.83,174630.08,gold,2026-04-22T13:57:31.147346
Gujarat,2017,Kharif,6,154903.14,476856.3,3069.85,171345.54,gold,2026-04-22T13:57:31.147346
Gujarat,2017,Rabi,4,86901.33,414595.44,4797.75,153863.48,gold,2026-04-22T13:57:31.147346
Gujarat,2017,Zaid,5,329181.01,768155.4,2049.85,181445.65,gold,2026-04-22T13:57:31.147346
Gujarat,2018,Kharif,4,139531.63,314426.64,2538.71,116737.23,gold,2026-04-22T13:57:31.147346
Gujarat,2018,Rabi,6,183214.16,458915.4,2207.24,138931.37,gold,2026-04-22T13:57:31.147346
Gujarat,2018,Zaid,2,65833.64,158643.86,2393.64,92261.87,gold,2026-04-22T13:57:31.147346
Gujarat,2019,Kharif,5,208767.61,589684.88,2765.76,149519.64,gold,2026-04-22T13:57:31.147346
Gujarat,2019,Rabi,8,271676.09,871494.83,2831.13,201725.99,gold,2026-04-22T13:57:31.147346
Gujarat,2019,Zaid,7,194689.0,864695.61,3157.17,206032.04,gold,2026-04-22T13:57:31.147346
Gujarat,2020,Kharif,8,311837.04,703048.67,2374.39,144443.19,gold,2026-04-22T13:57:31.147346
Gujarat,2020,Rabi,6,214990.42,603184.26,2272.19,185124.15,gold,2026-04-22T13:57:31.147346
Gujarat,2020,Zaid,6,112770.08,251866.26,2146.6,97273.47,gold,2026-04-22T13:57:31.147346
Gujarat,2020,,1,21452.37,69708.19,3249.44,69708.19,gold,2026-04-22T13:57:31.147346
Gujarat,2021,Kharif,4,165819.41,426398.34,2964.33,156237.29,gold,2026-04-22T13:57:31.147346
Gujarat,2021,Rabi,7,184870.86,530222.26,2792.99,118408.36,gold,2026-04-22T13:57:31.147346
Gujarat,2021,Zaid,4,159040.39,527624.85,3180.98,211340.9,gold,2026-04-22T13:57:31.147346
Gujarat,2021,,1,34742.44,57063.42,1642.47,57063.42,gold,2026-04-22T13:57:31.147346
Gujarat,2022,Kharif,3,152403.72,386847.23,2398.36,163483.25,gold,2026-04-22T13:57:31.147346
Gujarat,2022,Rabi,6,186477.96,470447.53,2854.49,180578.46,gold,2026-04-22T13:57:31.147346
Gujarat,2022,Zaid,8,224012.48,584847.62,2698.84,136012.67,gold,2026-04-22T13:57:31.147346
Gujarat,2022,,1,15613.61,34615.53,2217.01,34615.53,gold,2026-04-22T13:57:31.147346
Gujarat,2023,Kharif,5,231898.77,782384.06,2824.48,208357.17,gold,2026-04-22T13:57:31.147346
Gujarat,2023,Rabi,8,230196.73,674178.64,2793.56,168510.54,gold,2026-04-22T13:57:31.147346
Gujarat,2023,Zaid,4,174229.43,585289.59,2795.82,213810.24,gold,2026-04-22T13:57:31.147346
Gujarat,2023,,1,44805.59,119855.4,2675.01,119855.4,gold,2026-04-22T13:57:31.147346
Haryana,2010,Kharif,6,247787.38,450662.5,1995.55,115283.67,gold,2026-04-22T13:57:31.147346
Haryana,2010,Rabi,4,95983.33,167334.69,2433.52,67574.05,gold,2026-04-22T13:57:31.147346
Haryana,2010,Zaid,3,171428.28,484951.61,2912.87,173838.6,gold,2026-04-22T13:57:31.147346
Haryana,2010,,1,19684.99,91683.83,4657.55,91683.83,gold,2026-04-22T13:57:31.147346
Haryana,2011,Kharif,2,34781.96,70490.75,1147.54,41702.43,gold,2026-04-22T13:57:31.147346
Haryana,2011,Rabi,3,88778.43,129496.05,693.51,90900.29,gold,2026-04-22T13:57:31.147346
Haryana,2011,Zaid,5,145864.42,317042.44,2366.37,128953.56,gold,2026-04-22T13:57:31.147346
Haryana,2011,,1,16677.42,70369.87,4219.47,70369.87,gold,2026-04-22T13:57:31.147346
Haryana,2012,Kharif,6,193075.31,485243.18,2451.6,138547.47,gold,2026-04-22T13:57:31.147346
Haryana,2012,Rabi,4,79517.74,209690.08,3014.28,85890.79,gold,2026-04-22T13:57:31.147346
Haryana,2012,Zaid,4,157806.58,584255.87,3118.75,234316.9,gold,2026-04-22T13:57:31.147346
Haryana,2013,Kharif,7,247072.1,712947.04,2715.05,166401.71,gold,2026-04-22T13:57:31.147346
Haryana,2013,Rabi,4,160306.87,422915.18,2707.77,147535.92,gold,2026-04-22T13:57:31.147346
Haryana,2013,Zaid,5,71202.87,309807.75,2994.98,222160.59,gold,2026-04-22T13:57:31.147346
Haryana,2014,Kharif,7,186078.73,530013.42,2951.05,136188.3,gold,2026-04-22T13:57:31.147346
Haryana,2014,Rabi,5,187406.42,412657.69,2893.49,144969.82,gold,2026-04-22T13:57:31.147346
Haryana,2014,Zaid,7,183686.87,652971.08,3354.16,140079.38,gold,2026-04-22T13:57:31.147346
Haryana,2014,,2,20755.12,39231.79,2846.39,26877.88,gold,2026-04-22T13:57:31.147346
Haryana,2015,Kharif,2,41498.92,114357.41,2742.9,74026.61,gold,2026-04-22T13:57:31.147346
Haryana,2015,Rabi,5,153480.33,489274.06,3220.77,164494.39,gold,2026-04-22T13:57:31.147346
Haryana,2015,Zaid,5,82490.83,306507.58,3493.28,118546.2,gold,2026-04-22T13:57:31.147346
Haryana,2015,,1,7848.23,23972.34,,23972.34,gold,2026-04-22T13:57:31.147346
Haryana,2016,Kharif,8,152403.81,422896.1,2088.77,152161.97,gold,2026-04-22T13:57:31.147346
Haryana,2016,Rabi,4,136942.18,396772.3,2781.13,158548.68,gold,2026-04-22T13:57:31.147346
Haryana,2016,Zaid,5,115037.37,379094.08,2761.41,183639.41,gold,2026-04-22T13:57:31.147346
Haryana,2016,,2,63260.05,281607.55,4440.27,179136.05,gold,2026-04-22T13:57:31.147346
Haryana,2017,Rabi,5,154931.82,440936.72,3121.33,158776.5,gold,2026-04-22T13:57:31.147346
Haryana,2017,Zaid,5,173559.66,394009.18,2775.15,117317.21,gold,2026-04-22T13:57:31.147346
Haryana,2017,,1,35793.98,161309.51,4506.61,161309.51,gold,2026-04-22T13:57:31.147346
Haryana,2018,Kharif,4,149911.65,448889.73,2658.26,190371.74,gold,2026-04-22T13:57:31.147346
Haryana,2018,Rabi,3,63767.43,133379.8,2346.9,59063.29,gold,2026-04-22T13:57:31.147346
Haryana,2018,Zaid,5,84958.52,352845.57,3867.92,194915.16,gold,2026-04-22T13:57:31.147346
Haryana,2019,Kharif,4,94043.75,164424.52,1829.03,49915.15,gold,2026-04-22T13:57:31.147346
Haryana,2019,Rabi,5,181170.65,574818.97,2690.95,233493.32,gold,2026-04-22T13:57:31.147346
Haryana,2019,Zaid,3,192908.51,602038.46,3112.23,165376.31,gold,2026-04-22T13:57:31.147346
Haryana,2019,,1,22234.13,86919.0,3909.26,86919.0,gold,2026-04-22T13:57:31.147346
Haryana,2020,Kharif,7,244381.92,604969.75,2532.45,141589.78,gold,2026-04-22T13:57:31.147346
Haryana,2020,Rabi,5,198543.74,525867.72,2400.02,176053.89,gold,2026-04-22T13:57:31.147346
Haryana,2020,Zaid,4,83608.01,253497.2,2313.56,146688.71,gold,2026-04-22T13:57:31.147346
Haryana,2020,,2,23752.88,20566.12,887.09,11420.56,gold,2026-04-22T13:57:31.147346
Haryana,2021,Kharif,6,324208.75,944189.78,2744.17,182509.49,gold,2026-04-22T13:57:31.147346
Haryana,2021,Rabi,6,124173.2,310024.55,2086.49,168201.46,gold,2026-04-22T13:57:31.147346
Haryana,2021,Zaid,3,109840.35,335861.32,2899.79,137293.09,gold,2026-04-22T13:57:31.147346
Haryana,2022,Kharif,4,61642.98,172575.22,2858.74,90048.45,gold,2026-04-22T13:57:31.147346
Haryana,2022,Rabi,4,59882.97,191076.7,3252.01,118794.07,gold,2026-04-22T13:57:31.147346
Haryana,2022,Zaid,6,126009.43,294044.01,2341.99,158927.31,gold,2026-04-22T13:57:31.147346
Haryana,2023,Kharif,4,130625.04,304796.17,2571.88,143340.57,gold,2026-04-22T13:57:31.147346
Haryana,2023,Rabi,5,183424.61,500001.37,2577.97,195035.91,gold,2026-04-22T13:57:31.147346
Haryana,2023,Zaid,2,76560.27,89618.33,1084.77,68238.17,gold,2026-04-22T13:57:31.147346
Karnataka,2010,Kharif,7,318658.18,840369.48,2555.28,212570.69,gold,2026-04-22T13:57:31.147346
Karnataka,2010,Rabi,4,144663.99,441738.37,2938.82,158090.39,gold,2026-04-22T13:57:31.147346
Karnataka,2010,Zaid,6,228005.66,506983.3,2269.8,159556.13,gold,2026-04-22T13:57:31.147346
Karnataka,2010,,1,48547.15,107449.41,2213.3,107449.41,gold,2026-04-22T13:57:31.147346
Karnataka,2011,Kharif,6,116836.59,425519.05,3822.13,105153.84,gold,2026-04-22T13:57:31.147346
Karnataka,2011,Rabi,8,261024.12,831348.18,3070.6,242217.39,gold,2026-04-22T13:57:31.147346
Karnataka,2011,Zaid,1,63018.96,195406.16,2865.46,159638.33,gold,2026-04-22T13:57:31.147346
Karnataka,2011,,1,19687.5,26945.3,1368.65,26945.3,gold,2026-04-22T13:57:31.147346
Karnataka,2012,Kharif,3,47072.53,89111.19,2095.75,47725.62,gold,2026-04-22T13:57:31.147346
Karnataka,2012,Rabi,5,207051.76,570152.04,2772.25,156622.31,gold,2026-04-22T13:57:31.147346
Karnataka,2012,Zaid,4,116177.65,280469.56,2265.72,175849.73,gold,2026-04-22T13:57:31.147346
Karnataka,2012,,1,34697.36,144527.34,4165.37,144527.34,gold,2026-04-22T13:57:31.147346
Karnataka,2013,Kharif,5,168392.77,783652.87,3809.74,194006.0,gold,2026-04-22T13:57:31.147346
Karnataka,2013,Rabi,5,182860.89,607120.0,3248.85,194338.88,gold,2026-04-22T13:57:31.147346
Karnataka,2013,Zaid,3,98467.8,251750.39,2887.89,153845.42,gold,2026-04-22T13:57:31.147346
Karnataka,2014,Kharif,6,242028.99,569038.41,2672.24,181549.08,gold,2026-04-22T13:57:31.147346
Karnataka,2014,Rabi,4,127850.45,492793.5,3880.72,191801.18,gold,2026-04-22T13:57:31.147346
Karnataka,2014,Zaid,5,168429.01,644562.26,3243.07,232357.47,gold,2026-04-22T13:57:31.147346
Karnataka,2015,Kharif,4,164736.03,430311.26,2412.43,140342.86,gold,2026-04-22T13:57:31.147346
Karnataka,2015,Rabi,5,246623.38,744090.04,2927.39,205646.87,gold,2026-04-22T13:57:31.147346
Karnataka,2015,Zaid,6,198308.6,302238.69,1613.67,75497.54,gold,2026-04-22T13:57:31.147346
Karnataka,2015,,1,20572.92,79463.52,3862.53,79463.52,gold,2026-04-22T13:57:31.147346
Karnataka,2016,Kharif,2,62259.02,164381.09,2754.2,77188.64,gold,2026-04-22T13:57:31.147346
Karnataka,2016,Rabi,6,202205.83,433667.63,2240.18,124260.74,gold,2026-04-22T13:57:31.147346
Karnataka,2016,Zaid,4,91495.35,274202.58,1922.87,171236.55,gold,2026-04-22T13:57:31.147346
Karnataka,2017,Kharif,5,117937.57,378051.05,3209.43,168486.36,gold,2026-04-22T13:57:31.147346
Karnataka,2017,Rabi,2,50807.53,145593.76,3223.84,66627.18,gold,2026-04-22T13:57:31.147346
Karnataka,2017,Zaid,5,111935.07,347429.73,2569.83,139517.95,gold,2026-04-22T13:57:31.147346
Karnataka,2018,Kharif,8,209014.11,712316.64,3403.78,221834.72,gold,2026-04-22T13:57:31.147346
Karnataka,2018,Rabi,5,173673.37,355377.76,1911.49,104792.8,gold,2026-04-22T13:57:31.147346
Karnataka,2018,Zaid,7,142794.59,330367.83,2334.22,102626.76,gold,2026-04-22T13:57:31.147346
Karnataka,2019,Kharif,6,156315.46,471537.09,2932.31,171190.86,gold,2026-04-22T13:57:31.147346
Karnataka,2019,Rabi,5,62138.88,312929.29,2963.7,120936.91,gold,2026-04-22T13:57:31.147346
Karnataka,2019,Zaid,2,36392.7,213214.5,3012.15,118285.96,gold,2026-04-22T13:57:31.147346
Karnataka,2019,,1,15797.62,62917.66,3982.73,62917.66,gold,2026-04-22T13:57:31.147346
Karnataka,2020,Kharif,3,100227.89,266048.62,2826.18,169783.43,gold,2026-04-22T13:57:31.147346
Karnataka,2020,Rabi,7,125356.49,473950.74,3036.76,155250.5,gold,2026-04-22T13:57:31.147346
Karnataka,2020,Zaid,5,169208.95,551961.66,2738.28,235730.31,gold,2026-04-22T13:57:31.147346
Karnataka,2020,,1,29245.0,62209.67,2127.19,62209.67,gold,2026-04-22T13:57:31.147346
Karnataka,2021,Kharif,6,89540.21,257648.85,2816.65,122991.44,gold,2026-04-22T13:57:31.147346
Karnataka,2021,Rabi,6,127500.95,469996.73,2307.55,236787.41,gold,2026-04-22T13:57:31.147346
Karnataka,2021,Zaid,2,59366.32,167254.14,3477.36,129375.94,gold,2026-04-22T13:57:31.147346
Karnataka,2021,,1,23167.54,104286.13,4501.39,104286.13,gold,2026-04-22T13:57:31.147346
Karnataka,2022,Kharif,6,119308.47,332778.16,2564.31,135439.57,gold,2026-04-22T13:57:31.147346
Karnataka,2022,Rabi,6,240673.21,631843.89,2433.98,179918.86,gold,2026-04-22T13:57:31.147346
Karnataka,2022,Zaid,5,184607.99,462869.79,2148.07,157414.23,gold,2026-04-22T13:57:31.147346
Karnataka,2022,,1,,129703.77,3997.51,129703.77,gold,2026-04-22T13:57:31.147346
Karnataka,2023,Kharif,3,112614.61,379406.61,2604.78,247617.98,gold,2026-04-22T13:57:31.147346
Karnataka,2023,Rabi,7,240104.75,692871.36,2925.6,147008.36,gold,2026-04-22T13:57:31.147346
Karnataka,2023,Zaid,7,177223.65,500209.12,3060.87,108028.72,gold,2026-04-22T13:57:31.147346
Madhya Pradesh,2010,Kharif,3,188417.72,686742.59,3515.09,225297.89,gold,2026-04-22T13:57:31.147346
Madhya Pradesh,2010,Rabi,5,163721.66,480647.82,2612.03,167190.4,gold,2026-04-22T13:57:31.147346
Madhya Pradesh,2010,Zaid,2,87378.83,224694.52,2818.73,124316.83,gold,2026-04-22T13:57:31.147346
Madhya Pradesh,2011,Kharif,4,142628.08,506180.27,3810.45,170809.73,gold,2026-04-22T13:57:31.147346
Madhya Pradesh,2011,Rabi,2,67152.04,100929.78,1302.01,55851.71,gold,2026-04-22T13:57:31.147346
Madhya Pradesh,2011,Zaid,2,58792.82,82800.53,1548.41,56726.37,gold,2026-04-22T13:57:31.147346
Madhya Pradesh,2011,,1,35931.31,89539.03,2491.95,89539.03,gold,2026-04-22T13:57:31.147346
Madhya Pradesh,2012,Kharif,6,253922.9,447258.13,2172.89,80952.35,gold,2026-04-22T13:57:31.147346
Madhya Pradesh,2012,Rabi,3,161997.97,328424.32,2150.6,76012.95,gold,2026-04-22T13:57:31.147346
Madhya Pradesh,2012,Zaid,5,254782.16,821537.75,3039.73,210617.46,gold,2026-04-22T13:57:31.147346
Madhya Pradesh,2012,,2,52475.58,78182.16,1779.04,47547.6,gold,2026-04-22T13:57:31.147346
Madhya Pradesh,2013,Kharif,7,210550.62,491742.61,2329.38,158517.03,gold,2026-04-22T13:57:31.147346
Madhya Pradesh,2013,Rabi,4,110977.33,397424.34,3284.97,182256.75,gold,2026-04-22T13:57:31.147346
Madhya Pradesh,2013,Zaid,4,133327.83,313058.78,2720.26,101015.49,gold,2026-04-22T13:57:31.147346
Madhya Pradesh,2014,Kharif,4,99194.02,189547.85,2497.54,63404.56,gold,2026-04-22T13:57:31.147346
Madhya Pradesh,2014,Rabi,6,74242.13,339986.24,3339.04,225191.35,gold,2026-04-22T13:57:31.147346
Madhya Pradesh,2014,Zaid,5,182351.52,576457.85,3077.83,177335.79,gold,2026-04-22T13:57:31.147346
Madhya Pradesh,2015,Kharif,4,405312.13,984545.21,2478.33,174504.85,gold,2026-04-22T13:57:31.147346
Madhya Pradesh,2015,Rabi,5,127542.84,402013.93,3002.52,149209.49,gold,2026-04-22T13:57:31.147346
Madhya Pradesh,2015,Zaid,8,235093.42,816011.21,3469.83,151151.26,gold,2026-04-22T13:57:31.147346
Madhya Pradesh,2016,Kharif,8,312995.41,895031.15,2769.99,242194.0,gold,2026-04-22T13:57:31.147346
Madhya Pradesh,2016,Rabi,8,175465.29,512136.77,2402.62,115694.35,gold,2026-04-22T13:57:31.147346
Madhya Pradesh,2016,Zaid,7,192044.68,598146.82,2415.95,203628.64,gold,2026-04-22T13:57:31.147346
Madhya Pradesh,2017,Kharif,4,127209.52,360212.3,2100.65,106981.91,gold,2026-04-22T13:57:31.147346
Madhya Pradesh,2017,Rabi,4,176123.29,393006.54,2225.46,122964.16,gold,2026-04-22T13:57:31.147346
Madhya Pradesh,2017,Zaid,5,100153.8,131462.07,1655.8,49933.65,gold,2026-04-22T13:57:31.147346
Madhya Pradesh,2017,,1,42168.61,31865.98,755.68,31865.98,gold,2026-04-22T13:57:31.147346
Madhya Pradesh,2018,Kharif,3,96189.01,306091.29,3096.69,143699.05,gold,2026-04-22T13:57:31.147346
Madhya Pradesh,2018,Rabi,2,74334.07,171454.02,2604.07,106102.7,gold,2026-04-22T13:57:31.147346
Madhya Pradesh,2018,Zaid,7,176415.8,553561.28,2567.56,202240.88,gold,2026-04-22T13:57:31.147346
Madhya Pradesh,2019,Kharif,5,216620.97,481516.93,2484.54,171045.0,gold,2026-04-22T13:57:31.147346
Madhya Pradesh,2019,Rabi,7,209192.87,471050.05,1827.3,115667.19,gold,2026-04-22T13:57:31.147346
Madhya Pradesh,2019,Zaid,4,190133.43,436651.18,2066.11,184212.46,gold,2026-04-22T13:57:31.147346
Madhya Pradesh,2020,Kharif,3,210295.88,654742.62,3220.99,226104.91,gold,2026-04-22T13:57:31.147346
Madhya Pradesh,2020,Rabi,6,195950.0,515172.36,2862.4,115776.66,gold,2026-04-22T13:57:31.147346
Madhya Pradesh,2020,Zaid,7,211406.15,842339.26,3831.79,194337.22,gold,2026-04-22T13:57:31.147346
Madhya Pradesh,2020,,1,4381.37,13502.86,3081.88,13502.86,gold,2026-04-22T13:57:31.147346
Madhya Pradesh,2021,Kharif,5,281815.6,744370.51,2631.44,174407.45,gold,2026-04-22T13:57:31.147346
Madhya Pradesh,2021,Rabi,6,193915.35,531959.88,2817.58,158589.52,gold,2026-04-22T13:57:31.147346
Madhya Pradesh,2021,Zaid,5,124382.97,389996.72,2998.95,118341.74,gold,2026-04-22T13:57:31.147346
Madhya Pradesh,2021,,1,14046.42,61096.87,4349.64,61096.87,gold,2026-04-22T13:57:31.147346
Madhya Pradesh,2022,Kharif,4,136669.07,367774.02,2394.3,158588.14,gold,2026-04-22T13:57:31.147346
Madhya Pradesh,2022,Rabi,2,74231.92,149646.07,2041.22,77925.69,gold,2026-04-22T13:57:31.147346
Madhya Pradesh,2022,Zaid,8,272036.42,647644.31,2530.11,145386.4,gold,2026-04-22T13:57:31.147346
Madhya Pradesh,2023,Kharif,8,261499.03,719642.45,2847.8,185805.74,gold,2026-04-22T13:57:31.147346
Madhya Pradesh,2023,Rabi,5,150647.29,360589.57,1958.94,156837.49,gold,2026-04-22T13:57:31.147346
Madhya Pradesh,2023,Zaid,6,171096.15,392609.38,2292.82,136892.38,gold,2026-04-22T13:57:31.147346
Madhya Pradesh,2023,,1,1770.83,3937.42,2223.49,3937.42,gold,2026-04-22T13:57:31.147346
Maharashtra,2010,Kharif,5,101836.88,352342.07,2438.24,96826.63,gold,2026-04-22T13:57:31.147346
Maharashtra,2010,Rabi,5,197550.44,599147.72,2623.02,141841.61,gold,2026-04-22T13:57:31.147346
Maharashtra,2010,Zaid,3,167022.61,612512.98,3345.08,240602.58,gold,2026-04-22T13:57:31.147346
Maharashtra,2010,,1,48119.0,130987.14,2722.15,130987.14,gold,2026-04-22T13:57:31.147346
Maharashtra,2011,Kharif,4,122325.85,230097.94,1906.48,105143.38,gold,2026-04-22T13:57:31.147346
Maharashtra,2011,Rabi,5,150505.42,233844.8,1918.96,77817.11,gold,2026-04-22T13:57:31.147346
Maharashtra,2011,Zaid,6,185066.14,406377.59,2142.94,128301.72,gold,2026-04-22T13:57:31.147346
Maharashtra,2012,Kharif,6,144087.01,232650.79,1616.58,65952.55,gold,2026-04-22T13:57:31.147346
Maharashtra,2012,Rabi,6,183038.78,510772.35,3082.61,124132.63,gold,2026-04-22T13:57:31.147346
Maharashtra,2012,Zaid,5,91217.99,411815.93,4295.82,246782.82,gold,2026-04-22T13:57:31.147346
Maharashtra,2012,,1,1444.09,4318.09,2990.18,4318.09,gold,2026-04-22T13:57:31.147346
Maharashtra,2013,Kharif,6,202854.84,556474.1,2542.79,169099.87,gold,2026-04-22T13:57:31.147346
Maharashtra,2013,Rabi,5,159013.78,403329.35,2205.04,144105.82,gold,2026-04-22T13:57:31.147346
Maharashtra,2014,Kharif,6,295921.08,910810.84,3132.25,205427.44,gold,2026-04-22T13:57:31.147346
Maharashtra,2014,Rabi,3,171847.49,609921.24,3401.92,174122.44,gold,2026-04-22T13:57:31.147346
Maharashtra,2014,Zaid,4,125295.86,449385.07,2869.93,187348.07,gold,2026-04-22T13:57:31.147346
Maharashtra,2014,,3,78791.84,235736.42,2935.38,149916.61,gold,2026-04-22T13:57:31.147346
Maharashtra,2015,Kharif,4,158265.64,324705.63,2240.03,110786.23,gold,2026-04-22T13:57:31.147346
Maharashtra,2015,Rabi,4,158252.77,396785.23,2363.81,143605.71,gold,2026-04-22T13:57:31.147346
Maharashtra,2015,Zaid,4,110846.91,378097.95,2987.8,204198.93,gold,2026-04-22T13:57:31.147346
Maharashtra,2015,,1,39340.87,45949.74,1167.99,45949.74,gold,2026-04-22T13:57:31.147346
Maharashtra,2016,Kharif,5,178915.79,408172.13,2166.74,173748.8,gold,2026-04-22T13:57:31.147346
Maharashtra,2016,Rabi,4,147823.72,357788.16,2315.44,127097.13,gold,2026-04-22T13:57:31.147346
Maharashtra,2016,Zaid,3,61076.94,132781.42,2187.48,65826.02,gold,2026-04-22T13:57:31.147346
Maharashtra,2016,,2,39314.12,125900.27,3455.42,76250.8,gold,2026-04-22T13:57:31.147346
Maharashtra,2017,Kharif,6,147747.1,342046.83,2575.32,142485.69,gold,2026-04-22T13:57:31.147346
Maharashtra,2017,Rabi,3,49219.47,196518.91,3608.89,177126.91,gold,2026-04-22T13:57:31.147346
Maharashtra,2017,Zaid,4,102462.54,251843.73,2566.92,125836.05,gold,2026-04-22T13:57:31.147346
Maharashtra,2017,,1,2872.84,5064.1,1762.75,5064.1,gold,2026-04-22T13:57:31.147346
Maharashtra,2018,Kharif,5,238407.03,660929.81,3225.39,133104.77,gold,2026-04-22T13:57:31.147346
Maharashtra,2018,Rabi,7,400559.65,1170823.88,2949.87,195217.66,gold,2026-04-22T13:57:31.147346
Maharashtra,2018,Zaid,7,196231.02,669054.0,3478.63,183284.0,gold,2026-04-22T13:57:31.147346
Maharashtra,2018,,1,534.86,2629.01,4915.33,2629.01,gold,2026-04-22T13:57:31.147346
Maharashtra,2019,Kharif,4,142612.35,396893.9,3031.05,141199.37,gold,2026-04-22T13:57:31.147346
Maharashtra,2019,Rabi,3,121954.71,311764.26,2734.61,93481.49,gold,2026-04-22T13:57:31.147346
Maharashtra,2019,Zaid,5,135072.68,632707.43,3282.1,185994.24,gold,2026-04-22T13:57:31.147346
Maharashtra,2020,Kharif,2,29413.87,201894.5,3353.69,150531.25,gold,2026-04-22T13:57:31.147346
Maharashtra,2020,Rabi,3,82111.95,281318.76,2713.91,127838.31,gold,2026-04-22T13:57:31.147346
Maharashtra,2020,Zaid,5,141077.76,351744.42,1866.92,130171.86,gold,2026-04-22T13:57:31.147346
Maharashtra,2020,,2,41188.3,77079.89,2414.72,60540.94,gold,2026-04-22T13:57:31.147346
Maharashtra,2021,Kharif,7,228599.95,626349.4,2780.61,163265.81,gold,2026-04-22T13:57:31.147346
Maharashtra,2021,Rabi,5,166968.08,580010.35,3809.71,141202.65,gold,2026-04-22T13:57:31.147346
Maharashtra,2021,Zaid,6,241177.56,843963.49,2874.23,183776.51,gold,2026-04-22T13:57:31.147346
Maharashtra,2021,,1,49633.32,60892.64,1226.85,60892.64,gold,2026-04-22T13:57:31.147346
Maharashtra,2022,Kharif,5,226557.45,458472.76,1862.66,163782.61,gold,2026-04-22T13:57:31.147346
Maharashtra,2022,Rabi,4,157777.81,347544.77,2551.87,64193.74,gold,2026-04-22T13:57:31.147346
Maharashtra,2022,Zaid,6,236982.7,583143.2,2448.03,128005.85,gold,2026-04-22T13:57:31.147346
Maharashtra,2022,,2,30930.57,106697.75,3415.68,64523.28,gold,2026-04-22T13:57:31.147346
Maharashtra,2023,Kharif,3,183756.14,628409.23,3611.52,147647.91,gold,2026-04-22T13:57:31.147346
Maharashtra,2023,Rabi,5,169994.2,576353.41,3044.92,185474.1,gold,2026-04-22T13:57:31.147346
Maharashtra,2023,Zaid,5,210474.24,714976.76,3498.53,198623.06,gold,2026-04-22T13:57:31.147346
Odisha,2010,Kharif,5,83166.22,238196.91,2881.84,97646.97,gold,2026-04-22T13:57:31.147346
Odisha,2010,Rabi,6,74160.85,231871.39,2862.66,90554.97,gold,2026-04-22T13:57:31.147346
Odisha,2010,Zaid,4,107683.5,293276.36,2444.81,144013.39,gold,2026-04-22T13:57:31.147346
Odisha,2010,,1,39086.57,38994.72,,38994.72,gold,2026-04-22T13:57:31.147346
Odisha,2011,Kharif,2,61587.61,235832.12,4065.2,131363.12,gold,2026-04-22T13:57:31.147346
Odisha,2011,Rabi,3,123061.36,371295.02,2990.13,155695.33,gold,2026-04-22T13:57:31.147346
Odisha,2011,Zaid,5,88746.26,165123.24,2643.19,63209.75,gold,2026-04-22T13:57:31.147346
Odisha,2011,,1,12020.66,22389.08,1862.55,22389.08,gold,2026-04-22T13:57:31.147346
Odisha,2012,Kharif,3,175474.6,396490.49,2239.97,111121.12,gold,2026-04-22T13:57:31.147346
Odisha,2012,Rabi,5,136714.15,390399.22,2877.19,95725.73,gold,2026-04-22T13:57:31.147346
Odisha,2012,Zaid,3,70068.78,175554.15,2814.46,79760.8,gold,2026-04-22T13:57:31.147346
Odisha,2012,,2,4531.62,27615.57,2568.17,19144.83,gold,2026-04-22T13:57:31.147346
Odisha,2013,Kharif,7,271229.13,736790.93,2550.21,234715.54,gold,2026-04-22T13:57:31.147346
Odisha,2013,Rabi,5,97807.24,328621.64,3471.57,116318.86,gold,2026-04-22T13:57:31.147346
Odisha,2013,Zaid,5,86205.77,290469.27,3506.88,110807.8,gold,2026-04-22T13:57:31.147346
Odisha,2013,,1,11203.87,35850.03,3199.79,35850.03,gold,2026-04-22T13:57:31.147346
Odisha,2014,Kharif,3,145431.28,389227.65,2433.54,162000.27,gold,2026-04-22T13:57:31.147346
Odisha,2014,Rabi,6,240050.95,525688.79,2267.39,158351.81,gold,2026-04-22T13:57:31.147346
Odisha,2014,Zaid,4,88208.84,260957.7,3293.27,96658.7,gold,2026-04-22T13:57:31.147346
Odisha,2015,Kharif,8,267948.61,795340.84,2866.31,186860.35,gold,2026-04-22T13:57:31.147346
Odisha,2015,Rabi,5,156196.63,247171.19,1985.68,96064.5,gold,2026-04-22T13:57:31.147346
Odisha,2015,Zaid,4,134098.94,383439.74,2970.22,183193.06,gold,2026-04-22T13:57:31.147346
Odisha,2015,,2,9714.84,25849.25,2823.09,17526.36,gold,2026-04-22T13:57:31.147346
Odisha,2016,Kharif,4,149181.16,452586.43,2273.91,124071.09,gold,2026-04-22T13:57:31.147346
Odisha,2016,Rabi,2,61810.37,113281.7,2207.24,61234.14,gold,2026-04-22T13:57:31.147346
Odisha,2016,Zaid,3,29642.03,122458.88,3344.27,92338.51,gold,2026-04-22T13:57:31.147346
Odisha,2017,Kharif,7,243484.89,637193.13,2194.33,173472.57,gold,2026-04-22T13:57:31.147346
Odisha,2017,Rabi,2,75605.44,111548.87,1687.13,43536.86,gold,2026-04-22T13:57:31.147346
Odisha,2017,Zaid,5,85754.64,293753.39,3051.54,160711.27,gold,2026-04-22T13:57:31.147346
Odisha,2017,,1,16142.5,38054.33,2357.4,38054.33,gold,2026-04-22T13:57:31.147346
Odisha,2018,Kharif,5,197567.2,643151.72,3308.55,185882.82,gold,2026-04-22T13:57:31.147346
Odisha,2018,Rabi,2,59822.25,155846.24,2577.95,94805.97,gold,2026-04-22T13:57:31.147346
Odisha,2018,Zaid,5,150601.43,261641.55,1432.41,107579.74,gold,2026-04-22T13:57:31.147346
Odisha,2018,,2,69622.63,302143.29,3814.96,239103.38,gold,2026-04-22T13:57:31.147346
Odisha,2019,Kharif,3,88591.19,201335.25,2709.13,94669.07,gold,2026-04-22T13:57:31.147346
Odisha,2019,Rabi,4,157879.96,310173.6,2201.65,98228.36,gold,2026-04-22T13:57:31.147346
Odisha,2019,Zaid,1,69828.81,183554.39,2300.1,154086.98,gold,2026-04-22T13:57:31.147346
Odisha,2020,Kharif,5,137325.59,466868.28,3894.31,168479.83,gold,2026-04-22T13:57:31.147346
Odisha,2020,Rabi,6,184524.44,573811.34,2853.98,157182.24,gold,2026-04-22T13:57:31.147346
Odisha,2020,Zaid,6,131852.68,479403.39,3694.35,181444.82,gold,2026-04-22T13:57:31.147346
Odisha,2020,,2,70453.66,113538.99,1625.0,78807.76,gold,2026-04-22T13:57:31.147346
Odisha,2021,Kharif,6,177430.78,547143.97,3096.1,121115.19,gold,2026-04-22T13:57:31.147346
Odisha,2021,Rabi,4,115205.17,337385.97,2830.4,118631.21,gold,2026-04-22T13:57:31.147346
Odisha,2021,Zaid,3,64281.28,101361.9,2548.88,50387.6,gold,2026-04-22T13:57:31.147346
Odisha,2021,,1,28194.24,74094.18,,74094.18,gold,2026-04-22T13:57:31.147346
Odisha,2022,Kharif,6,161685.04,367493.06,2321.08,145164.12,gold,2026-04-22T13:57:31.147346
Odisha,2022,Rabi,5,169777.53,354909.83,2123.26,95138.32,gold,2026-04-22T13:57:31.147346
Odisha,2022,Zaid,6,137010.64,460878.4,2449.66,124346.97,gold,2026-04-22T13:57:31.147346
Odisha,2023,Kharif,4,88802.32,459186.61,2938.42,222358.09,gold,2026-04-22T13:57:31.147346
Odisha,2023,Rabi,5,202412.95,657592.23,3145.44,158076.26,gold,2026-04-22T13:57:31.147346
Odisha,2023,Zaid,4,84289.02,330314.29,3548.27,139639.02,gold,2026-04-22T13:57:31.147346
Odisha,2023,,1,19197.26,69208.23,3605.11,69208.23,gold,2026-04-22T13:57:31.147346
Punjab,2010,Kharif,4,140989.86,401280.13,2623.16,126450.19,gold,2026-04-22T13:57:31.147346
Punjab,2010,Rabi,6,198292.35,465371.88,2311.68,151835.31,gold,2026-04-22T13:57:31.147346
Punjab,2010,Zaid,8,249678.17,852682.54,3037.73,202149.34,gold,2026-04-22T13:57:31.147346
Punjab,2011,Kharif,3,95361.15,206412.11,1986.65,140998.01,gold,2026-04-22T13:57:31.147346
Punjab,2011,Rabi,2,36932.19,96798.36,2501.69,76857.9,gold,2026-04-22T13:57:31.147346
Punjab,2011,Zaid,4,121497.95,203965.54,1933.53,68257.59,gold,2026-04-22T13:57:31.147346
Punjab,2011,,2,40841.38,126912.49,3356.14,67490.68,gold,2026-04-22T13:57:31.147346
Punjab,2012,Kharif,1,41996.62,163145.95,3884.74,163145.95,gold,2026-04-22T13:57:31.147346
Punjab,2012,Rabi,4,81450.23,216322.05,2811.07,126393.62,gold,2026-04-22T13:57:31.147346
Punjab,2012,Zaid,4,100039.0,170586.71,1537.49,91937.62,gold,2026-04-22T13:57:31.147346
Punjab,2012,,2,45710.42,167863.39,1813.16,84707.45,gold,2026-04-22T13:57:31.147346
Punjab,2013,Kharif,5,219245.18,645142.6,2377.55,211451.13,gold,2026-04-22T13:57:31.147346
Punjab,2013,Rabi,5,167353.04,386394.53,1760.73,132241.83,gold,2026-04-22T13:57:31.147346
Punjab,2013,Zaid,6,211572.91,498492.47,2580.1,91946.24,gold,2026-04-22T13:57:31.147346
Punjab,2013,,1,44848.09,118400.3,2640.03,118400.3,gold,2026-04-22T13:57:31.147346
Punjab,2014,Kharif,5,122600.02,307346.44,2739.55,106046.51,gold,2026-04-22T13:57:31.147346
Punjab,2014,Rabi,3,77815.98,189881.37,1624.85,154639.81,gold,2026-04-22T13:57:31.147346
Punjab,2014,Zaid,3,172007.4,577356.88,3202.18,215571.31,gold,2026-04-22T13:57:31.147346
Punjab,2015,Kharif,2,39011.61,94469.11,3036.62,47798.18,gold,2026-04-22T13:57:31.147346
Punjab,2015,Rabi,5,154310.86,408811.99,2183.41,161758.21,gold,2026-04-22T13:57:31.147346
Punjab,2015,Zaid,7,196991.39,653564.69,3662.54,146167.2,gold,2026-04-22T13:57:31.147346
Punjab,2016,Kharif,7,227732.87,620921.4,2964.25,199181.6,gold,2026-04-22T13:57:31.147346
Punjab,2016,Rabi,6,338379.29,969527.27,2668.98,198074.0,gold,2026-04-22T13:57:31.147346
Punjab,2016,Zaid,4,151611.84,360171.06,2125.3,158457.44,gold,2026-04-22T13:57:31.147346
Punjab,2016,,2,41387.39,61338.83,2015.02,57135.16,gold,2026-04-22T13:57:31.147346
Punjab,2017,Kharif,4,165127.67,423387.49,2373.24,180061.56,gold,2026-04-22T13:57:31.147346
Punjab,2017,Rabi,7,322771.12,941316.36,3483.55,222796.15,gold,2026-04-22T13:57:31.147346
Punjab,2017,Zaid,5,157052.16,508868.56,2743.86,179203.17,gold,2026-04-22T13:57:31.147346
Punjab,2017,,1,23135.06,51918.08,2244.13,51918.08,gold,2026-04-22T13:57:31.147346
Punjab,2018,Kharif,6,149406.08,579389.03,2721.65,175967.84,gold,2026-04-22T13:57:31.147346
Punjab,2018,Rabi,7,145103.49,389211.06,2590.71,125950.24,gold,2026-04-22T13:57:31.147346
Punjab,2018,Zaid,4,140434.63,351754.58,2707.46,129031.37,gold,2026-04-22T13:57:31.147346
Punjab,2018,,1,9836.49,40514.24,4118.77,40514.24,gold,2026-04-22T13:57:31.147346
Punjab,2019,Kharif,4,164377.73,435662.12,2861.76,144834.99,gold,2026-04-22T13:57:31.147346
Punjab,2019,Rabi,4,125465.38,392758.14,3019.38,180965.48,gold,2026-04-22T13:57:31.147346
Punjab,2019,Zaid,6,206801.72,661613.64,2364.17,170605.57,gold,2026-04-22T13:57:31.147346
Punjab,2019,,1,23642.11,87768.26,3712.37,87768.26,gold,2026-04-22T13:57:31.147346
Punjab,2020,Kharif,6,205256.69,439078.65,2106.47,127420.16,gold,2026-04-22T13:57:31.147346
Punjab,2020,Rabi,4,132980.15,305480.94,2495.67,109369.54,gold,2026-04-22T13:57:31.147346
Punjab,2020,Zaid,3,66256.2,241263.03,3506.45,144852.81,gold,2026-04-22T13:57:31.147346
Punjab,2021,Kharif,3,67843.24,87384.64,2495.48,49276.43,gold,2026-04-22T13:57:31.147346
Punjab,2021,Rabi,4,225803.29,561874.59,2468.09,153197.04,gold,2026-04-22T13:57:31.147346
Punjab,2021,Zaid,5,177531.89,358429.61,2107.32,80001.56,gold,2026-04-22T13:57:31.147346
Punjab,2021,,1,22492.2,80492.39,3578.68,80492.39,gold,2026-04-22T13:57:31.147346
Punjab,2022,Kharif,3,65409.77,164288.63,3451.49,89754.21,gold,2026-04-22T13:57:31.147346
Punjab,2022,Rabi,5,140742.75,324261.05,2737.52,102747.93,gold,2026-04-22T13:57:31.147346
Punjab,2022,Zaid,8,232499.61,648474.11,2733.73,186652.44,gold,2026-04-22T13:57:31.147346
Punjab,2023,Kharif,6,169221.64,497857.32,3014.47,154368.63,gold,2026-04-22T13:57:31.147346
Punjab,2023,Rabi,6,272812.99,697027.61,2560.27,215040.66,gold,2026-04-22T13:57:31.147346
Punjab,2023,Zaid,8,273488.93,764825.31,3062.87,176015.95,gold,2026-04-22T13:57:31.147346
Rajasthan,2010,Kharif,3,94293.66,201486.19,2393.76,88730.11,gold,2026-04-22T13:57:31.147346
Rajasthan,2010,Rabi,5,145424.5,358414.58,2421.39,136266.27,gold,2026-04-22T13:57:31.147346
Rajasthan,2010,Zaid,5,127258.57,279607.21,2247.21,152616.69,gold,2026-04-22T13:57:31.147346
Rajasthan,2010,,1,31973.9,51796.44,1619.96,51796.44,gold,2026-04-22T13:57:31.147346
Rajasthan,2011,Kharif,5,200943.96,596209.69,2515.26,208204.25,gold,2026-04-22T13:57:31.147346
Rajasthan,2011,Rabi,5,177713.02,335992.58,2213.92,66577.55,gold,2026-04-22T13:57:31.147346
Rajasthan,2011,Zaid,8,210002.78,554514.9,2706.82,121515.3,gold,2026-04-22T13:57:31.147346
Rajasthan,2011,,1,15135.89,60026.97,,60026.97,gold,2026-04-22T13:57:31.147346
Rajasthan,2012,Kharif,4,89321.23,269871.93,3421.82,97702.74,gold,2026-04-22T13:57:31.147346
Rajasthan,2012,Rabi,6,139535.59,499048.87,3488.02,207010.36,gold,2026-04-22T13:57:31.147346
Rajasthan,2012,Zaid,5,177414.32,462588.16,2823.96,206281.61,gold,2026-04-22T13:57:31.147346
Rajasthan,2012,,2,49427.67,245662.07,4972.13,177384.34,gold,2026-04-22T13:57:31.147346
Rajasthan,2013,Kharif,6,86334.13,215014.53,2875.98,60863.58,gold,2026-04-22T13:57:31.147346
Rajasthan,2013,Rabi,4,85071.21,242309.88,2886.33,131629.79,gold,2026-04-22T13:57:31.147346
Rajasthan,2013,Zaid,5,122126.51,377444.96,2551.66,195627.91,gold,2026-04-22T13:57:31.147346
Rajasthan,2013,,1,44052.07,111585.21,2533.03,111585.21,gold,2026-04-22T13:57:31.147346
Rajasthan,2014,Kharif,3,52745.42,89047.15,1782.36,39427.92,gold,2026-04-22T13:57:31.147346
Rajasthan,2014,Rabi,3,138717.07,548094.81,3601.08,200868.33,gold,2026-04-22T13:57:31.147346
Rajasthan,2014,Zaid,5,112254.24,424020.06,3781.06,167439.19,gold,2026-04-22T13:57:31.147346
Rajasthan,2014,,1,49109.0,158742.39,3232.45,158742.39,gold,2026-04-22T13:57:31.147346
Rajasthan,2015,Kharif,7,351223.63,1312539.18,3246.35,231376.97,gold,2026-04-22T13:57:31.147346
Rajasthan,2015,Rabi,6,227152.63,726824.98,2743.93,169447.09,gold,2026-04-22T13:57:31.147346
Rajasthan,2015,Zaid,7,178461.96,477929.73,2562.8,155697.22,gold,2026-04-22T13:57:31.147346
Rajasthan,2016,Kharif,7,178211.39,535859.29,2611.03,204400.57,gold,2026-04-22T13:57:31.147346
Rajasthan,2016,Rabi,6,205444.47,613405.67,3127.91,179180.9,gold,2026-04-22T13:57:31.147346
Rajasthan,2016,Zaid,3,78894.45,265303.49,3306.49,106451.76,gold,2026-04-22T13:57:31.147346
Rajasthan,2016,,1,5810.82,25183.16,4333.84,25183.16,gold,2026-04-22T13:57:31.147346
Rajasthan,2017,Kharif,6,277858.38,1151608.34,3380.32,215886.59,gold,2026-04-22T13:57:31.147346
Rajasthan,2017,Rabi,5,137012.37,322220.87,2339.36,101817.83,gold,2026-04-22T13:57:31.147346
Rajasthan,2017,Zaid,7,173757.94,565068.92,3099.58,209613.28,gold,2026-04-22T13:57:31.147346
Rajasthan,2017,,2,51708.35,171614.62,3321.6,89561.75,gold,2026-04-22T13:57:31.147346
Rajasthan,2018,Kharif,3,88810.01,314583.97,2531.68,209901.8,gold,2026-04-22T13:57:31.147346
Rajasthan,2018,Rabi,6,205322.43,513201.74,2768.73,130669.47,gold,2026-04-22T13:57:31.147346
Rajasthan,2018,Zaid,7,257158.29,585506.3,2454.65,199772.86,gold,2026-04-22T13:57:31.147346
Rajasthan,2019,Kharif,6,160775.81,511603.44,3108.48,152474.57,gold,2026-04-22T13:57:31.147346
Rajasthan,2019,Rabi,6,216052.91,577158.31,2488.02,204121.92,gold,2026-04-22T13:57:31.147346
Rajasthan,2019,Zaid,3,160023.65,288410.77,2047.2,91695.42,gold,2026-04-22T13:57:31.147346
Rajasthan,2019,,1,26963.41,17253.35,639.88,17253.35,gold,2026-04-22T13:57:31.147346
Rajasthan,2020,Kharif,4,176058.69,415354.32,2307.99,127551.32,gold,2026-04-22T13:57:31.147346
Rajasthan,2020,Rabi,3,168619.2,509384.31,2931.33,167349.94,gold,2026-04-22T13:57:31.147346
Rajasthan,2020,Zaid,5,174666.16,460281.79,2626.06,125308.27,gold,2026-04-22T13:57:31.147346
Rajasthan,2020,,1,38143.85,119226.99,3125.72,119226.99,gold,2026-04-22T13:57:31.147346
Rajasthan,2021,Kharif,6,218832.68,739869.56,3425.64,187785.09,gold,2026-04-22T13:57:31.147346
Rajasthan,2021,Rabi,3,45107.95,129048.78,3717.3,103543.24,gold,2026-04-22T13:57:31.147346
Rajasthan,2021,Zaid,4,221508.32,423159.79,2007.86,115781.69,gold,2026-04-22T13:57:31.147346
Rajasthan,2022,Kharif,3,82674.6,209099.41,3078.66,110005.06,gold,2026-04-22T13:57:31.147346
Rajasthan,2022,Rabi,4,140889.83,468641.72,3348.02,153747.47,gold,2026-04-22T13:57:31.147346
Rajasthan,2022,Zaid,9,160921.42,529208.44,2951.46,188668.68,gold,2026-04-22T13:57:31.147346
Rajasthan,2023,Kharif,6,137191.63,423088.71,2983.88,117679.6,gold,2026-04-22T13:57:31.147346
Rajasthan,2023,Rabi,5,229579.66,602894.0,2608.04,181460.58,gold,2026-04-22T13:57:31.147346
Rajasthan,2023,Zaid,3,115850.55,367737.68,3351.07,120811.52,gold,2026-04-22T13:57:31.147346
Rajasthan,2023,,1,41822.66,58595.22,1401.04,58595.22,gold,2026-04-22T13:57:31.147346
Tamil Nadu,2010,Kharif,5,113321.77,271250.14,2593.74,104035.32,gold,2026-04-22T13:57:31.147346
Tamil Nadu,2010,Rabi,4,153213.5,439339.54,2737.9,129443.5,gold,2026-04-22T13:57:31.147346
Tamil Nadu,2010,Zaid,5,102187.59,220913.68,2098.95,94713.35,gold,2026-04-22T13:57:31.147346
Tamil Nadu,2011,Kharif,7,333324.38,646452.51,2350.78,189800.24,gold,2026-04-22T13:57:31.147346
Tamil Nadu,2011,Rabi,6,175069.21,554194.13,3179.15,146567.61,gold,2026-04-22T13:57:31.147346
Tamil Nadu,2011,Zaid,7,288582.78,781403.16,2734.67,221799.69,gold,2026-04-22T13:57:31.147346
Tamil Nadu,2011,,2,57201.9,231050.71,4108.21,131358.16,gold,2026-04-22T13:57:31.147346
Tamil Nadu,2012,Kharif,3,95449.94,257284.45,2615.16,125406.41,gold,2026-04-22T13:57:31.147346
Tamil Nadu,2012,Rabi,4,139180.33,425251.46,2783.23,117596.85,gold,2026-04-22T13:57:31.147346
Tamil Nadu,2012,Zaid,9,254386.66,633294.61,2503.62,131065.17,gold,2026-04-22T13:57:31.147346
Tamil Nadu,2012,,1,14665.53,11554.68,787.88,11554.68,gold,2026-04-22T13:57:31.147346
Tamil Nadu,2013,Kharif,5,125961.51,241557.09,1752.25,76639.02,gold,2026-04-22T13:57:31.147346
Tamil Nadu,2013,Rabi,4,56705.87,224086.24,2665.42,96393.04,gold,2026-04-22T13:57:31.147346
Tamil Nadu,2013,Zaid,4,108102.52,292227.94,2634.71,83514.56,gold,2026-04-22T13:57:31.147346
Tamil Nadu,2014,Kharif,2,69328.4,134399.81,2114.76,108658.43,gold,2026-04-22T13:57:31.147346
Tamil Nadu,2014,Rabi,3,116309.75,410385.27,3901.51,149197.93,gold,2026-04-22T13:57:31.147346
Tamil Nadu,2014,Zaid,3,67005.21,227804.33,3042.59,177252.48,gold,2026-04-22T13:57:31.147346
Tamil Nadu,2015,Kharif,2,37862.72,170141.55,4109.2,148182.09,gold,2026-04-22T13:57:31.147346
Tamil Nadu,2015,Rabi,7,205726.46,469723.66,2202.94,138646.95,gold,2026-04-22T13:57:31.147346
Tamil Nadu,2015,Zaid,6,184799.04,575948.46,2819.64,177250.24,gold,2026-04-22T13:57:31.147346
Tamil Nadu,2015,,1,31230.85,22245.42,,22245.42,gold,2026-04-22T13:57:31.147346
Tamil Nadu,2016,Kharif,6,171345.63,610589.78,3231.2,194504.21,gold,2026-04-22T13:57:31.147346
Tamil Nadu,2016,Rabi,8,182206.51,636691.44,3049.79,169756.14,gold,2026-04-22T13:57:31.147346
Tamil Nadu,2016,Zaid,5,80823.16,276036.12,2580.87,108012.88,gold,2026-04-22T13:57:31.147346
Tamil Nadu,2016,,1,39166.97,56760.77,1449.2,56760.77,gold,2026-04-22T13:57:31.147346
Tamil Nadu,2017,Kharif,3,42364.85,86043.93,3275.94,39899.59,gold,2026-04-22T13:57:31.147346
Tamil Nadu,2017,Rabi,5,109825.99,196308.44,1996.83,60654.01,gold,2026-04-22T13:57:31.147346
Tamil Nadu,2017,Zaid,7,289260.08,857509.66,2588.66,159385.29,gold,2026-04-22T13:57:31.147346
Tamil Nadu,2017,,1,35582.36,98481.3,2767.7,98481.3,gold,2026-04-22T13:57:31.147346
Tamil Nadu,2018,Kharif,5,141945.88,586026.38,3318.13,214486.6,gold,2026-04-22T13:57:31.147346
Tamil Nadu,2018,Rabi,3,78397.22,193451.6,2426.17,122079.75,gold,2026-04-22T13:57:31.147346
Tamil Nadu,2018,Zaid,6,222480.52,570773.02,2575.52,175597.21,gold,2026-04-22T13:57:31.147346
Tamil Nadu,2019,Kharif,3,52665.22,179309.25,3289.93,86313.89,gold,2026-04-22T13:57:31.147346
Tamil Nadu,2019,Rabi,4,142514.59,367065.36,2438.39,125491.36,gold,2026-04-22T13:57:31.147346
Tamil Nadu,2019,Zaid,5,181824.85,770922.22,2725.57,243096.23,gold,2026-04-22T13:57:31.147346
Tamil Nadu,2020,Kharif,4,261600.28,714918.76,2346.74,187346.25,gold,2026-04-22T13:57:31.147346
Tamil Nadu,2020,Rabi,5,217488.31,398555.23,1905.34,98145.52,gold,2026-04-22T13:57:31.147346
Tamil Nadu,2020,Zaid,5,148494.08,373478.76,3380.7,155059.89,gold,2026-04-22T13:57:31.147346
Tamil Nadu,2020,,1,605.45,2796.75,4619.29,2796.75,gold,2026-04-22T13:57:31.147346
Tamil Nadu,2021,Kharif,3,80846.91,266867.81,2909.87,119380.97,gold,2026-04-22T13:57:31.147346
Tamil Nadu,2021,Rabi,4,180484.59,456028.92,2962.54,144211.05,gold,2026-04-22T13:57:31.147346
Tamil Nadu,2021,Zaid,3,109256.56,405627.68,3060.85,221247.39,gold,2026-04-22T13:57:31.147346
Tamil Nadu,2021,,1,39554.61,176113.74,4452.42,176113.74,gold,2026-04-22T13:57:31.147346
Tamil Nadu,2022,Kharif,8,272087.9,794540.06,2837.89,185250.14,gold,2026-04-22T13:57:31.147346
Tamil Nadu,2022,Rabi,4,92921.67,267896.46,2394.56,172525.3,gold,2026-04-22T13:57:31.147346
Tamil Nadu,2022,Zaid,7,188018.15,412185.31,2478.48,86034.07,gold,2026-04-22T13:57:31.147346
Tamil Nadu,2022,,3,52492.92,176488.84,1792.19,90332.31,gold,2026-04-22T13:57:31.147346
Tamil Nadu,2023,Kharif,4,211070.51,601815.67,2768.84,176614.04,gold,2026-04-22T13:57:31.147346
Tamil Nadu,2023,Rabi,5,142528.79,563486.75,3287.68,158688.57,gold,2026-04-22T13:57:31.147346
Tamil Nadu,2023,Zaid,6,65632.89,192879.84,2771.18,66228.15,gold,2026-04-22T13:57:31.147346
Tamil Nadu,2023,,1,19722.01,76541.52,3881.02,76541.52,gold,2026-04-22T13:57:31.147346
Telangana,2010,Kharif,5,171133.7,557900.78,2874.01,226239.26,gold,2026-04-22T13:57:31.147346
Telangana,2010,Rabi,6,128698.24,476418.4,2639.09,182570.41,gold,2026-04-22T13:57:31.147346
Telangana,2010,Zaid,6,205428.38,622291.42,2619.58,177510.89,gold,2026-04-22T13:57:31.147346
Telangana,2010,,2,52970.06,193082.31,3679.91,96918.47,gold,2026-04-22T13:57:31.147346
Telangana,2011,Kharif,5,156727.27,430243.47,2798.39,106446.06,gold,2026-04-22T13:57:31.147346
Telangana,2011,Rabi,6,273907.12,951558.99,2911.37,229271.5,gold,2026-04-22T13:57:31.147346
Telangana,2011,Zaid,8,301057.06,886902.1,2705.02,158586.35,gold,2026-04-22T13:57:31.147346
Telangana,2011,,1,,57537.0,4613.09,57537.0,gold,2026-04-22T13:57:31.147346
Telangana,2012,Kharif,3,74182.51,238629.67,2301.39,198256.27,gold,2026-04-22T13:57:31.147346
Telangana,2012,Rabi,5,137791.29,462982.79,3198.72,180335.61,gold,2026-04-22T13:57:31.147346
Telangana,2012,Zaid,3,136492.67,378513.41,2844.1,152141.31,gold,2026-04-22T13:57:31.147346
Telangana,2013,Kharif,4,108924.04,195517.96,2132.98,87835.75,gold,2026-04-22T13:57:31.147346
Telangana,2013,Rabi,3,113842.03,223883.08,1865.37,89825.44,gold,2026-04-22T13:57:31.147346
Telangana,2013,Zaid,7,181921.13,664151.24,2957.06,219344.88,gold,2026-04-22T13:57:31.147346
Telangana,2013,,1,42571.44,51020.17,1198.46,51020.17,gold,2026-04-22T13:57:31.147346
Telangana,2014,Kharif,5,201918.92,920035.22,3704.78,199109.36,gold,2026-04-22T13:57:31.147346
Telangana,2014,Rabi,6,161662.33,386812.25,2316.12,106324.38,gold,2026-04-22T13:57:31.147346
Telangana,2014,Zaid,5,213129.26,504948.48,2272.17,154320.21,gold,2026-04-22T13:57:31.147346
Telangana,2015,Kharif,5,146287.46,283567.71,2148.06,75314.91,gold,2026-04-22T13:57:31.147346
Telangana,2015,Rabi,3,47840.68,153392.13,3524.22,68226.57,gold,2026-04-22T13:57:31.147346
Telangana,2015,Zaid,4,84134.18,358830.57,3136.35,181587.04,gold,2026-04-22T13:57:31.147346
Telangana,2015,,1,13239.53,31557.61,2383.59,31557.61,gold,2026-04-22T13:57:31.147346
Telangana,2016,Kharif,4,136969.63,429557.98,2414.99,197973.32,gold,2026-04-22T13:57:31.147346
Telangana,2016,Rabi,5,139963.19,395212.06,3032.38,118421.67,gold,2026-04-22T13:57:31.147346
Telangana,2016,Zaid,4,143955.63,230802.72,1843.77,103538.38,gold,2026-04-22T13:57:31.147346
Telangana,2016,,3,44175.19,84839.11,1895.11,61870.69,gold,2026-04-22T13:57:31.147346
Telangana,2017,Kharif,6,295730.64,922825.74,2626.27,159715.71,gold,2026-04-22T13:57:31.147346
Telangana,2017,Rabi,5,145463.39,450179.11,2920.92,246063.57,gold,2026-04-22T13:57:31.147346
Telangana,2017,Zaid,3,55002.65,104744.52,2289.41,43559.89,gold,2026-04-22T13:57:31.147346
Telangana,2018,Kharif,7,155622.18,290179.1,1977.46,83974.12,gold,2026-04-22T13:57:31.147346
Telangana,2018,Rabi,2,91865.25,420146.72,4586.66,220261.35,gold,2026-04-22T13:57:31.147346
Telangana,2018,Zaid,3,115739.81,314149.86,2786.0,138854.8,gold,2026-04-22T13:57:31.147346
Telangana,2019,Kharif,3,105054.33,370174.28,2918.86,149925.05,gold,2026-04-22T13:57:31.147346
Telangana,2019,Rabi,7,134120.32,345073.01,2698.16,132113.08,gold,2026-04-22T13:57:31.147346
Telangana,2019,Zaid,3,60771.53,220699.61,2858.41,143541.03,gold,2026-04-22T13:57:31.147346
Telangana,2020,Kharif,3,141852.95,367553.58,2377.07,198432.45,gold,2026-04-22T13:57:31.147346
Telangana,2020,Rabi,7,333116.46,829410.05,2486.09,173188.38,gold,2026-04-22T13:57:31.147346
Telangana,2020,Zaid,6,222350.0,835675.93,3516.34,197365.62,gold,2026-04-22T13:57:31.147346
Telangana,2020,,1,22491.6,51013.87,2268.13,51013.87,gold,2026-04-22T13:57:31.147346
Telangana,2021,Kharif,2,50202.35,79321.26,2228.81,70027.3,gold,2026-04-22T13:57:31.147346
Telangana,2021,Rabi,6,187923.26,631393.35,2804.16,134475.78,gold,2026-04-22T13:57:31.147346
Telangana,2021,Zaid,7,195229.96,568027.6,2792.2,174188.54,gold,2026-04-22T13:57:31.147346
Telangana,2021,,1,,6580.34,1930.28,6580.34,gold,2026-04-22T13:57:31.147346
Telangana,2022,Kharif,6,193920.97,643167.88,2786.55,199273.03,gold,2026-04-22T13:57:31.147346
Telangana,2022,Rabi,3,29610.6,96739.72,3174.18,69080.88,gold,2026-04-22T13:57:31.147346
Telangana,2022,Zaid,3,83349.93,179952.57,1957.46,93188.52,gold,2026-04-22T13:57:31.147346
Telangana,2022,,1,35672.7,98191.25,2752.56,98191.25,gold,2026-04-22T13:57:31.147346
Telangana,2023,Kharif,6,207273.52,496646.1,2460.61,202217.45,gold,2026-04-22T13:57:31.147346
Telangana,2023,Rabi,6,157820.31,439702.02,2331.51,114775.45,gold,2026-04-22T13:57:31.147346
Telangana,2023,Zaid,6,189470.17,521181.97,2771.08,135813.46,gold,2026-04-22T13:57:31.147346
Telangana,2023,,1,27758.85,91559.24,,91559.24,gold,2026-04-22T13:57:31.147346
Uttar Pradesh,2010,Kharif,5,190095.51,463402.7,2510.74,193326.16,gold,2026-04-22T13:57:31.147346
Uttar Pradesh,2010,Rabi,5,128659.55,340334.7,2360.26,138375.08,gold,2026-04-22T13:57:31.147346
Uttar Pradesh,2010,Zaid,2,95334.84,153965.12,2093.79,57295.81,gold,2026-04-22T13:57:31.147346
Uttar Pradesh,2010,,2,37109.65,129526.03,4029.1,102512.93,gold,2026-04-22T13:57:31.147346
Uttar Pradesh,2011,Kharif,4,106234.61,415874.63,3422.31,206045.3,gold,2026-04-22T13:57:31.147346
Uttar Pradesh,2011,Rabi,5,98129.51,368438.38,2954.1,108227.32,gold,2026-04-22T13:57:31.147346
Uttar Pradesh,2011,Zaid,3,137048.4,548095.88,3852.29,170107.14,gold,2026-04-22T13:57:31.147346
Uttar Pradesh,2011,,2,65901.9,251104.23,3731.46,172950.59,gold,2026-04-22T13:57:31.147346
Uttar Pradesh,2012,Kharif,3,161451.24,444847.47,3240.65,218185.29,gold,2026-04-22T13:57:31.147346
Uttar Pradesh,2012,Rabi,4,87839.97,321803.41,3068.84,92968.38,gold,2026-04-22T13:57:31.147346
Uttar Pradesh,2012,Zaid,5,179040.69,484241.92,2946.81,157763.99,gold,2026-04-22T13:57:31.147346
Uttar Pradesh,2013,Kharif,8,163430.62,321853.76,2250.62,103083.49,gold,2026-04-22T13:57:31.147346
Uttar Pradesh,2013,Rabi,3,93368.94,191077.67,1567.04,118555.37,gold,2026-04-22T13:57:31.147346
Uttar Pradesh,2013,Zaid,6,264831.17,676571.04,2341.02,164577.14,gold,2026-04-22T13:57:31.147346
Uttar Pradesh,2014,Kharif,3,152093.21,646661.25,4281.55,220907.64,gold,2026-04-22T13:57:31.147346
Uttar Pradesh,2014,Rabi,6,170109.45,568510.42,2776.88,148489.12,gold,2026-04-22T13:57:31.147346
Uttar Pradesh,2014,Zaid,6,128837.65,228707.54,2144.68,53797.38,gold,2026-04-22T13:57:31.147346
Uttar Pradesh,2014,,1,33770.04,120614.76,3571.65,120614.76,gold,2026-04-22T13:57:31.147346
Uttar Pradesh,2015,Kharif,5,88538.31,219911.16,1900.84,73571.49,gold,2026-04-22T13:57:31.147346
Uttar Pradesh,2015,Rabi,4,153966.99,292035.78,1967.6,96835.45,gold,2026-04-22T13:57:31.147346
Uttar Pradesh,2015,Zaid,2,41863.3,120663.3,2923.9,103636.9,gold,2026-04-22T13:57:31.147346
Uttar Pradesh,2015,,1,39508.55,128670.26,3256.77,128670.26,gold,2026-04-22T13:57:31.147346
Uttar Pradesh,2016,Kharif,6,113958.3,326836.35,2334.74,156775.24,gold,2026-04-22T13:57:31.147346
Uttar Pradesh,2016,Rabi,5,155779.39,391092.28,2514.87,142131.47,gold,2026-04-22T13:57:31.147346
Uttar Pradesh,2016,Zaid,6,155970.08,414364.95,2413.36,136163.44,gold,2026-04-22T13:57:31.147346
Uttar Pradesh,2017,Kharif,5,192671.78,454194.66,2714.66,105370.88,gold,2026-04-22T13:57:31.147346
Uttar Pradesh,2017,Rabi,4,134378.67,293844.72,2058.22,134381.27,gold,2026-04-22T13:57:31.147346
Uttar Pradesh,2017,Zaid,5,167209.64,412964.73,2609.5,140566.65,gold,2026-04-22T13:57:31.147346
Uttar Pradesh,2017,,1,47897.51,86434.89,1804.58,86434.89,gold,2026-04-22T13:57:31.147346
Uttar Pradesh,2018,Kharif,4,118387.21,212287.04,2019.26,63928.49,gold,2026-04-22T13:57:31.147346
Uttar Pradesh,2018,Rabi,4,160407.83,403117.51,2780.56,114033.09,gold,2026-04-22T13:57:31.147346
Uttar Pradesh,2018,Zaid,4,152682.43,441208.5,2854.9,140448.83,gold,2026-04-22T13:57:31.147346
Uttar Pradesh,2018,,1,6804.91,14591.09,2144.2,14591.09,gold,2026-04-22T13:57:31.147346
Uttar Pradesh,2019,Kharif,3,100287.55,274136.15,2732.53,139993.72,gold,2026-04-22T13:57:31.147346
Uttar Pradesh,2019,Rabi,5,195900.76,488093.25,3082.73,170442.7,gold,2026-04-22T13:57:31.147346
Uttar Pradesh,2019,Zaid,4,81821.07,158553.25,2113.33,97700.3,gold,2026-04-22T13:57:31.147346
Uttar Pradesh,2020,Kharif,4,108143.03,191458.6,2265.02,70519.81,gold,2026-04-22T13:57:31.147346
Uttar Pradesh,2020,Rabi,6,193767.53,285973.35,1423.8,114464.19,gold,2026-04-22T13:57:31.147346
Uttar Pradesh,2020,Zaid,5,176755.37,704399.48,4033.54,161450.94,gold,2026-04-22T13:57:31.147346
Uttar Pradesh,2020,,1,2343.72,10381.7,4429.58,10381.7,gold,2026-04-22T13:57:31.147346
Uttar Pradesh,2021,Kharif,3,80624.58,241520.8,2776.39,178870.83,gold,2026-04-22T13:57:31.147346
Uttar Pradesh,2021,Rabi,2,36993.5,48938.8,2685.86,25311.59,gold,2026-04-22T13:57:31.147346
Uttar Pradesh,2021,Zaid,6,321622.58,919849.97,2531.56,212259.41,gold,2026-04-22T13:57:31.147346
Uttar Pradesh,2021,,2,98941.73,241247.82,2290.44,147211.89,gold,2026-04-22T13:57:31.147346
Uttar Pradesh,2022,Kharif,6,140330.78,245739.78,1876.33,79248.94,gold,2026-04-22T13:57:31.147346
Uttar Pradesh,2022,Rabi,6,254610.42,660790.59,2550.55,216029.42,gold,2026-04-22T13:57:31.147346
Uttar Pradesh,2022,Zaid,4,84177.81,326245.46,3760.4,149495.19,gold,2026-04-22T13:57:31.147346
Uttar Pradesh,2023,Kharif,5,151933.15,546274.41,2756.57,127728.14,gold,2026-04-22T13:57:31.147346
Uttar Pradesh,2023,Rabi,4,140647.92,360477.59,2564.79,219076.91,gold,2026-04-22T13:57:31.147346
Uttar Pradesh,2023,Zaid,5,167587.1,462515.54,3050.39,197915.32,gold,2026-04-22T13:57:31.147346
Uttar Pradesh,2023,,2,64357.41,186889.62,2605.53,151896.85,gold,2026-04-22T13:57:31.147346
West Bengal,2010,Kharif,7,101296.54,305488.11,2672.72,138687.79,gold,2026-04-22T13:57:31.147346
West Bengal,2010,Rabi,2,54794.34,74561.92,1164.87,57719.36,gold,2026-04-22T13:57:31.147346
West Bengal,2010,Zaid,5,168950.05,629950.94,3243.2,201640.61,gold,2026-04-22T13:57:31.147346
West Bengal,2010,,1,28757.43,34524.45,,34524.45,gold,2026-04-22T13:57:31.147346
West Bengal,2011,Kharif,6,266056.71,687327.53,2509.98,185754.46,gold,2026-04-22T13:57:31.147346
West Bengal,2011,Rabi,4,217154.01,495052.42,2560.83,209801.82,gold,2026-04-22T13:57:31.147346
West Bengal,2011,Zaid,4,170010.07,414745.11,2205.91,166108.59,gold,2026-04-22T13:57:31.147346
West Bengal,2012,Kharif,4,92898.27,268914.54,2442.79,116582.88,gold,2026-04-22T13:57:31.147346
West Bengal,2012,Rabi,4,153794.32,403413.54,2731.75,110253.28,gold,2026-04-22T13:57:31.147346
West Bengal,2012,Zaid,7,348874.14,836347.19,2315.81,205264.62,gold,2026-04-22T13:57:31.147346
West Bengal,2012,,1,42195.06,142161.49,3369.15,142161.49,gold,2026-04-22T13:57:31.147346
West Bengal,2013,Kharif,6,199006.24,757280.74,2999.33,216423.54,gold,2026-04-22T13:57:31.147346
West Bengal,2013,Rabi,6,205608.74,701352.49,2810.0,165563.85,gold,2026-04-22T13:57:31.147346
West Bengal,2013,Zaid,5,113787.42,231651.22,2245.15,88625.88,gold,2026-04-22T13:57:31.147346
West Bengal,2013,,1,26096.68,63380.22,2428.67,63380.22,gold,2026-04-22T13:57:31.147346
West Bengal,2014,Kharif,3,142175.57,445915.33,3399.11,175164.85,gold,2026-04-22T13:57:31.147346
West Bengal,2014,Rabi,3,92386.21,248165.06,2574.56,120146.67,gold,2026-04-22T13:57:31.147346
West Bengal,2014,Zaid,7,286615.84,1044986.88,3365.83,191455.95,gold,2026-04-22T13:57:31.147346
West Bengal,2014,,1,27748.15,53629.96,1932.74,53629.96,gold,2026-04-22T13:57:31.147346
West Bengal,2015,Kharif,4,152447.35,316816.46,2167.31,105749.66,gold,2026-04-22T13:57:31.147346
West Bengal,2015,Rabi,3,92578.28,328487.81,2764.9,181038.54,gold,2026-04-22T13:57:31.147346
West Bengal,2015,Zaid,7,331191.58,817852.31,2487.04,193995.55,gold,2026-04-22T13:57:31.147346
West Bengal,2016,Kharif,5,108210.5,224782.85,2127.29,73678.05,gold,2026-04-22T13:57:31.147346
West Bengal,2016,Rabi,2,56277.3,102594.91,1834.19,65422.42,gold,2026-04-22T13:57:31.147346
West Bengal,2016,Zaid,8,275526.56,676163.54,2495.73,235461.14,gold,2026-04-22T13:57:31.147346
West Bengal,2016,,2,31414.96,144239.3,4693.75,77711.09,gold,2026-04-22T13:57:31.147346
West Bengal,2017,Kharif,7,189955.56,691801.86,3301.46,206741.1,gold,2026-04-22T13:57:31.147346
West Bengal,2017,Rabi,10,381559.03,1098290.13,3099.36,178704.39,gold,2026-04-22T13:57:31.147346
West Bengal,2017,Zaid,6,171029.35,469876.47,2871.54,145861.9,gold,2026-04-22T13:57:31.147346
West Bengal,2018,Kharif,5,150828.71,451179.47,3122.63,128070.34,gold,2026-04-22T13:57:31.147346
West Bengal,2018,Rabi,2,161367.85,499728.51,2725.03,243772.15,gold,2026-04-22T13:57:31.147346
West Bengal,2018,Zaid,6,147516.88,333384.46,2123.51,173869.06,gold,2026-04-22T13:57:31.147346
West Bengal,2019,Kharif,4,110363.12,337586.49,2766.74,127066.16,gold,2026-04-22T13:57:31.147346
West Bengal,2019,Rabi,7,286120.76,945809.09,3037.21,162175.47,gold,2026-04-22T13:57:31.147346
West Bengal,2019,Zaid,7,263467.48,809386.81,2966.19,220551.46,gold,2026-04-22T13:57:31.147346
West Bengal,2019,,2,73926.54,184939.46,2822.97,134546.55,gold,2026-04-22T13:57:31.147346
West Bengal,2020,Kharif,7,254356.07,547512.4,2234.17,168483.71,gold,2026-04-22T13:57:31.147346
West Bengal,2020,Rabi,6,101366.3,240524.17,2419.61,106255.42,gold,2026-04-22T13:57:31.147346
West Bengal,2020,Zaid,3,64044.24,133274.47,1987.09,85510.99,gold,2026-04-22T13:57:31.147346
West Bengal,2020,,1,30408.53,39342.86,1293.81,39342.86,gold,2026-04-22T13:57:31.147346
West Bengal,2021,Kharif,4,121195.64,331701.97,2195.5,141271.46,gold,2026-04-22T13:57:31.147346
West Bengal,2021,Rabi,4,145408.41,432785.25,2255.26,147262.13,gold,2026-04-22T13:57:31.147346
West Bengal,2021,Zaid,5,153516.69,596116.21,3373.75,167999.0,gold,2026-04-22T13:57:31.147346
West Bengal,2022,Kharif,5,115611.51,328399.23,2659.18,135694.83,gold,2026-04-22T13:57:31.147346
West Bengal,2022,Rabi,5,230686.18,407804.96,1864.54,159205.87,gold,2026-04-22T13:57:31.147346
West Bengal,2022,Zaid,6,194516.52,566286.0,2887.98,192488.28,gold,2026-04-22T13:57:31.147346
West Bengal,2022,,3,50160.18,143581.66,3511.19,66326.43,gold,2026-04-22T13:57:31.147346
West Bengal,2023,Kharif,5,175708.0,406551.61,2234.85,143415.12,gold,2026-04-22T13:57:31.147346
West Bengal,2023,Rabi,3,86518.28,281653.89,3042.42,119525.13,gold,2026-04-22T13:57:31.147346
West Bengal,2023,Zaid,6,150171.68,691349.24,3560.5,220937.23,gold,2026-04-22T13:57:31.147346
